series_id,as_of_date,factory_type,gpu_model,tenor_from,tenor_to,tenor_from_years,tenor_to_years,forward_rate_usd_per_gpu_hour,source_par_from_rate,source_par_to_rate,curve_shape,sanity_flags,promotion_status,methodology_version
CRI-HIF-A100-40GB-FWD-1Y3Y,2026-04-24,HIF,A100,1Y,3Y,1.0,3.0,0.7167,1.9605,1.1313,BACKWARDATION,"SuspiciousLow,SuspiciousDecline",Shadow,v2.0.0
CRI-HIF-A100-FWD-1Y3Y,2026-04-24,HIF,A100,1Y,3Y,1.0,3.0,2.6580,3.2979,2.8713,BACKWARDATION,,Published,v2.0.0
CRI-HIF-B200-FWD-1Y3Y,2026-04-24,HIF,B200,1Y,3Y,1.0,3.0,5.0747,11.1159,7.0884,BACKWARDATION,SuspiciousDecline,Shadow,v2.0.0
CRI-HIF-GB200-FWD-1Y3Y,2026-04-24,HIF,GB200,1Y,3Y,1.0,3.0,4.5968,8.6528,5.9488,BACKWARDATION,,Shadow,v2.0.0
CRI-HIF-H100-FWD-1Y3Y,2026-04-24,HIF,H100,1Y,3Y,1.0,3.0,3.0067,7.4287,4.4807,BACKWARDATION,SuspiciousDecline,Shadow,v2.0.0
CRI-HIF-H100-FWD-3Y5Y,2026-04-24,HIF,H100,3Y,5Y,3.0,5.0,5.5690,4.4807,4.9160,CONTANGO,,Shadow,v2.0.0
CRI-HIF-H200-FWD-1Y3Y,2026-04-24,HIF,H200,1Y,3Y,1.0,3.0,3.2657,6.5072,4.3462,BACKWARDATION,,Shadow,v2.0.0
CRI-HIF-L4-FWD-1Y3Y,2026-04-24,HIF,L4,1Y,3Y,1.0,3.0,0.2418,0.3687,0.2841,BACKWARDATION,,Shadow,v2.0.0
CRI-HIF-T4-FWD-1Y3Y,2026-04-24,HIF,T4,1Y,3Y,1.0,3.0,0.1421,0.2399,0.1747,BACKWARDATION,,Shadow,v2.0.0
